Age,AnnualIncome,CreditScore,EmploymentStatus,EducationLevel,Experience,LoanAmount,LoanDuration,MaritalStatus,NumberOfDependents,HomeOwnershipStatus,MonthlyDebtPayments,CreditCardUtilizationRate,NumberOfOpenCreditLines,NumberOfCreditInquiries,DebtToIncomeRatio,BankruptcyHistory,LoanPurpose,PreviousLoanDefaults,PaymentHistory,LengthOfCreditHistory,SavingsAccountBalance,CheckingAccountBalance,TotalAssets,TotalLiabilities,MonthlyIncome,UtilityBillsPaymentHistory,JobTenure,NetWorth,BaseInterestRate,InterestRate,MonthlyLoanPayment,TotalDebtToIncomeRatio,LoanApproved,RiskScore
45,39948,617,Employed,Master,22,13152,48,Married,2,Own,183,0.354417919,1,2,0.3583356,0,Home,0,29,9,7632,1202,146111,19183,3329,0.724972046,11,126928,0.199652,0.22758963,419.8059916,0.181077198,0,49
38,39709,628,Employed,Associate,15,26045,48,Single,1,Mortgage,496,0.087826968,5,3,0.33027367,0,DebtConsolidation,0,21,9,4627,3460,53204,9595,3309.083333,0.935132099,3,43609,0.207045,0.201077121,794.0542382,0.389852448,0,52
47,40724,570,Employed,Bachelor,26,17627,36,Married,2,Rent,902,0.137414104,2,0,0.244729109,0,Education,0,20,22,886,895,25176,128874,3393.666667,0.872240611,6,5205,0.217627,0.21254801,666.4066877,0.462156965,0,52
58,69084,545,Employed,HighSchool,34,37898,96,Single,1,Mortgage,755,0.267587137,2,1,0.436244265,0,Home,0,27,10,1675,1217,104822,5370,5757,0.896154707,5,99452,0.300398,0.300910849,1047.50698,0.313098312,0,54
37,103264,594,Employed,Associate,17,9184,36,Married,1,Mortgage,274,0.320535325,0,0,0.078884212,0,DebtConsolidation,0,26,27,1555,4981,244305,17286,8605.333333,0.941368739,5,227019,0.197184,0.175990179,330.1791405,0.070209847,1,36
37,178310,626,SelfEmployed,Master,16,15433,72,Married,0,Rent,732,0.102211337,5,1,0.259366401,0,DebtConsolidation,1,16,19,2118,1223,67914,40843,14859.16667,0.756079359,5,27071,0.217433,0.217601155,385.5770742,0.075211289,1,44
58,51250,564,Employed,HighSchool,39,12741,48,Married,0,Rent,337,0.367380343,6,1,0.127472703,0,Other,0,21,18,5161,1735,65624,43894,4270.833333,0.884275127,5,21730,0.225741,0.205270968,391.3003517,0.170528863,0,50
49,97345,516,Employed,HighSchool,23,19634,12,Divorced,5,Mortgage,288,0.209767583,5,0,0.395567635,0,Other,0,19,11,781,74,50177,11556,8112.083333,0.933492414,5,38621,0.226634,0.209112942,1827.360055,0.260766559,1,42.4
34,116841,603,Employed,Bachelor,12,55353,60,Divorced,5,Own,638,0.192701165,3,0,0.31323326,1,DebtConsolidation,0,25,29,1157,708,29632,49940,9736.75,0.728396927,3,7711,0.258853,0.291539425,1762.199026,0.246509259,0,61
46,40615,612,Employed,Associate,19,25443,12,Married,4,Other,704,0.512464644,3,2,0.505148027,0,Other,0,23,10,1028,446,129664,12852,3384.583333,0.61532321,3,116812,0.184443,0.197270602,2353.577424,0.903383703,0,53
34,73646,478,Employed,Associate,10,48716,84,Single,3,Own,267,0.211235988,4,1,0.08144473,0,Auto,0,25,7,9266,3875,148966,20315,6137.166667,0.678446967,4,128651,0.334716,0.333538882,1504.452489,0.288643373,0,47
34,15000,591,Employed,Bachelor,11,30088,24,Married,2,Mortgage,295,0.312183775,5,1,0.346685661,0,Home,0,21,28,259,348,33062,3353,1250,0.842015471,3,29709,0.209588,0.182401198,1505.609528,1.440487622,0,56
42,74453,573,Employed,Bachelor,21,16154,60,Married,1,Rent,258,0.527488434,6,0,0.371033592,0,DebtConsolidation,0,26,7,781,1633,16204,35493,6204.416667,0.718948883,5,5231,0.234654,0.255684531,479.5398903,0.118873366,0,56
18,100508,580,Employed,Associate,0,20439,60,Married,1,Rent,247,0.168624846,5,2,0.58136098,0,Other,1,20,3,2027,916,181813,99030,8375.666667,0.543748779,6,82783,0.235439,0.245374274,594.3815332,0.10045547,0,63
19,47624,597,Employed,Bachelor,0,27197,36,Married,1,Mortgage,196,0.114966564,2,1,0.751514819,0,DebtConsolidation,0,15,21,2971,576,45336,9418,3968.666667,0.719940554,3,35918,0.213697,0.202228922,1013.829375,0.304845299,0,58
33,56650,605,Employed,Doctorate,11,12652,36,Single,1,Mortgage,336,0.423430863,4,0,0.044156804,0,Auto,0,21,15,242,131,261435,11144,4720.833333,0.837213591,2,250291,0.195152,0.216412752,480.840828,0.173028949,1,33.6
27,50042,582,Employed,Doctorate,7,19105,60,Single,1,Rent,680,0.103919134,6,3,0.308869314,0,DebtConsolidation,0,36,14,2214,1219,11162,89196,4170.166667,0.920866973,5,7021,0.233105,0.187129387,492.5814437,0.281183352,0,53
43,142326,644,Employed,Bachelor,24,13499,96,Widowed,2,Mortgage,772,0.222579231,1,2,0.295469876,0,Other,0,18,2,13247,856,73836,4213,11860.5,0.9710625,5,69623,0.226499,0.223794765,303.1952309,0.090653449,1,39.2
29,16021,553,Employed,HighSchool,8,14655,72,Single,0,Rent,286,0.55603001,5,1,0.10456869,0,DebtConsolidation,1,25,12,8651,1127,29278,25345,1335.083333,0.949187834,4,3933,0.253155,0.234766213,381.1768758,0.499726765,0,59
23,34698,594,Employed,Associate,0,14314,60,Widowed,3,Mortgage,755,0.18720284,5,0,0.100597962,0,DebtConsolidation,0,27,29,3721,2098,128035,72605,2891.5,0.874070288,5,55430,0.222314,0.231478314,404.7350889,0.401084243,0,48
57,106749,630,Employed,Master,30,15698,48,Single,0,Rent,1059,0.132542598,0,1,0.147279682,0,Auto,0,21,14,1686,4304,212568,8152,8895.75,0.854354808,4,204416,0.195698,0.204412692,481.3942886,0.173160699,1,32.8
37,59138,594,Employed,Associate,14,13205,72,Married,0,Own,564,0.393772188,2,1,0.111663227,0,Auto,0,18,9,1187,5192,24257,18681,4928.166667,0.813101025,4,5576,0.231205,0.211443961,325.1174211,0.180415453,0,51
40,114216,635,Employed,Doctorate,17,9809,60,Single,3,Rent,571,0.224187421,3,1,0.630448393,0,Home,0,26,2,720,2127,23984,27250,9518,0.851839052,10,2482,0.197309,0.201114034,260.4869053,0.087359414,1,46.4
22,63300,503,Employed,Associate,0,16476,24,Married,2,Rent,376,0.389649375,3,1,0.235798589,0,Home,0,29,7,2154,1735,14710,53225,5275,0.870722953,5,6903,0.239976,0.231670288,864.2694728,0.235122175,0,53
33,39676,555,Employed,Master,12,47795,60,Single,1,Other,199,0.346519864,2,1,0.573394538,0,Home,0,19,4,840,1085,157749,76577,3306.333333,0.583599495,4,81172,0.275295,0.253474142,1412.597891,0.48742753,0,60
41,59192,594,Unemployed,HighSchool,16,45608,36,Divorced,4,Mortgage,222,0.409336365,4,0,0.230115845,0,Auto,0,18,1,21084,3449,67609,9196,4932.666667,0.844395236,3,58413,0.233608,0.200682644,1696.543489,0.388946511,0,58
26,15059,462,Employed,Associate,0,20240,24,Single,3,Other,443,0.09882176,2,0,0.067066338,0,Home,0,16,25,713,7335,29861,13107,1254.916667,0.599027175,12,16754,0.26424,0.246020665,1076.202706,1.21060047,0,51
44,15305,608,SelfEmployed,Bachelor,23,21452,48,Single,4,Mortgage,443,0.111314692,1,1,0.063153792,0,Home,0,21,29,9547,979,16936,7005,1275.416667,0.907674268,2,9931,0.212452,0.225375302,682.1440642,0.882177639,0,51
32,35498,622,Employed,Master,10,11136,36,Married,0,Own,698,0.39074471,2,0,0.176444352,0,Home,0,18,17,1346,205,34189,31484,2958.166667,0.703667984,3,2705,0.185136,0.164845971,394.1781845,0.369207792,0,48
36,60227,576,Employed,Bachelor,14,25264,84,Divorced,3,Own,458,0.278275343,3,1,0.144112682,0,Home,0,27,28,5391,1993,141168,35773,5018.916667,0.814347986,5,105395,0.262264,0.239128971,622.0190933,0.215189684,1,36.8
32,23861,592,SelfEmployed,HighSchool,10,19570,36,Married,0,Other,521,0.232777306,2,3,0.223711225,0,Auto,0,29,27,3348,1072,85166,8627,1988.416667,0.773488801,8,76539,0.20857,0.197034892,724.3380618,0.62629633,0,55
62,73843,667,Unemployed,Master,37,44668,60,Single,1,Other,388,0.29595832,7,2,0.156913701,1,Home,0,16,3,17023,3352,56887,90622,6153.583333,0.944648654,5,3068,0.216168,0.234603328,1271.053755,0.26960775,0,62
39,61099,559,Employed,Bachelor,19,10094,84,Married,0,Mortgage,380,0.128351414,1,0,0.265219566,0,Auto,0,21,19,2987,1795,69823,23540,5091.583333,0.880247879,4,46283,0.255594,0.261050046,262.6701512,0.126222063,0,51
27,15000,535,Employed,HighSchool,4,11318,120,Single,2,Mortgage,721,0.582754942,2,3,0.448384819,0,Home,0,15,18,4172,3835,303949,13680,1250,0.86552466,1,290269,0.298818,0.343594011,335.3986467,0.845118917,0,53
49,34738,520,Employed,Associate,25,10166,72,Single,2,Mortgage,388,0.566340205,3,3,0.314513811,0,Home,0,27,4,1767,2757,249298,10972,2894.833333,0.879833763,2,238326,0.265166,0.273933243,288.9598327,0.233851056,0,55
25,85889,571,Employed,Bachelor,3,24186,72,Married,2,Rent,870,0.331656765,4,0,0.050538644,0,Education,0,31,10,14921,1110,18899,5554,7157.416667,0.905685066,4,13345,0.253686,0.279617748,696.1364545,0.21881309,0,49
42,78701,552,Employed,Associate,18,18326,60,Married,1,Rent,482,0.188005301,6,1,0.071301978,0,Home,0,25,19,463,1585,170720,30154,6558.416667,0.706246374,7,140566,0.247326,0.218912351,505.0115503,0.150495402,1,36
18,24914,604,Employed,Master,0,8015,36,Married,4,Mortgage,327,0.376158795,1,4,0.64426586,0,Auto,0,17,28,2612,199,49999,8146,2076.166667,0.926016457,7,41853,0.191015,0.152812,278.9475811,0.291858833,1,45.6
24,57231,508,Unemployed,Associate,0,35876,48,Married,4,Rent,370,0.572203518,3,0,0.134740613,0,Auto,0,20,21,7737,242,214229,73682,4769.25,0.508966871,8,140547,0.276876,0.230468198,1150.799076,0.31887594,0,50
42,163303,655,SelfEmployed,Bachelor,23,12850,72,Single,2,Other,337,0.357969313,3,0,0.072959106,0,DebtConsolidation,0,19,1,3012,309,115322,17900,13608.58333,0.915096795,8,97422,0.20035,0.189531294,300.0461613,0.046812085,1,37.6
48,38453,595,Unemployed,HighSchool,26,30517,48,Divorced,0,Own,560,0.382437705,0,0,0.103003265,0,Home,0,22,20,5165,1539,46352,3481,3204.416667,0.79354296,6,42871,0.228017,0.226230533,971.8230602,0.478034919,0,54
42,99920,582,SelfEmployed,Bachelor,20,23363,12,Single,3,Other,298,0.615080763,3,2,0.20583096,0,DebtConsolidation,0,20,11,991,288,27778,23569,8326.666667,0.729776184,10,4209,0.197363,0.175435686,2136.847993,0.292415692,1,44.8
38,57860,591,Employed,HighSchool,20,25576,96,Married,4,Rent,159,0.144070321,3,0,0.074387032,0,Auto,0,27,1,2059,427,463089,25653,4821.666667,0.841298379,8,437436,0.265076,0.287654958,683.4043512,0.174712275,0,47
36,30890,590,Employed,HighSchool,16,10176,24,Divorced,2,Own,289,0.213863749,3,1,0.124730217,0,Education,0,23,6,11162,249,43010,28334,2574.166667,0.808568549,7,14676,0.190176,0.176526645,506.3215206,0.308962714,0,53
22,15561,500,Employed,HighSchool,1,20169,36,Single,2,Rent,346,0.104223771,6,0,0.374558377,0,DebtConsolidation,0,25,13,1929,1463,16965,5913,1296.75,0.598246307,4,11052,0.255169,0.2423903,793.8209078,0.878982771,0,55
31,105957,530,Employed,HighSchool,7,53987,72,Single,0,Other,399,0.046450446,0,0,0.621059192,0,Auto,0,31,16,4218,208,165299,69541,8829.75,0.525186497,3,95758,0.303987,0.326750988,1718.377313,0.23980037,0,54
34,82887,545,Employed,HighSchool,13,20996,84,Divorced,2,Other,471,0.374017043,2,0,0.151595948,0,Other,0,19,8,16502,1246,17748,117394,6907.25,0.904931027,2,4958,0.273496,0.279583208,571.7878723,0.150970049,0,50
52,53555,631,Employed,Associate,31,29418,60,Divorced,1,Own,221,0.257700044,0,1,0.147909138,0,Education,0,28,20,9902,1607,12300,27582,4462.916667,0.800298277,4,2753,0.218918,0.21766388,808.5905594,0.230699033,0,47
44,105639,627,Employed,HighSchool,20,20409,108,Widowed,0,Rent,387,0.282174466,1,4,0.327078397,0,Home,0,22,21,3379,5476,165235,22300,8803.25,0.623227567,5,142935,0.251909,0.263740227,495.9515749,0.100298364,0,46
18,58342,519,Employed,HighSchool,0,10077,24,Single,3,Mortgage,592,0.159214493,3,0,0.192869156,0,DebtConsolidation,0,20,7,5076,230,25120,15562,4861.833333,0.949535893,8,9558,0.225577,0.26069905,543.2493604,0.23350232,0,50
43,121939,653,Employed,Doctorate,25,41215,48,Divorced,0,Mortgage,220,0.532941404,2,1,0.244425123,0,Other,0,30,12,1365,4000,188167,2457,10161.58333,0.844617703,8,185710,0.209715,0.18464928,1220.726563,0.1417817,1,32.8
35,16054,526,Employed,Associate,13,20612,36,Married,1,Own,465,0.144362237,1,2,0.206533044,0,Education,0,25,21,4127,665,51140,11870,1337.833333,0.615917072,6,39270,0.242612,0.231663828,799.6733391,0.945314568,0,53
31,36057,592,Employed,Associate,11,29501,36,Married,3,Other,384,0.231684159,4,0,0.187428659,0,Home,0,18,12,2220,438,19637,56982,3004.75,0.731987106,4,1500,0.218501,0.214285281,1117.953612,0.499859759,0,51
47,124086,631,Employed,HighSchool,27,36798,24,Widowed,3,Mortgage,713,0.224482289,6,1,0.339714475,0,Auto,0,27,24,3281,1704,32072,21593,10340.5,0.715963155,6,10479,0.196298,0.167651799,1815.227228,0.24449758,1,39.2
52,272693,586,Employed,Bachelor,28,19717,84,Married,0,Rent,278,0.372474725,2,2,0.270157502,0,Auto,0,19,13,801,1835,94338,5443,22724.41667,0.744494391,8,88895,0.251717,0.218114526,459.5963315,0.032458318,1,38.4
51,48757,615,Employed,Bachelor,27,16173,84,Divorced,3,Mortgage,817,0.210713971,1,0,0.305376717,0,DebtConsolidation,0,28,19,21739,266,39354,97462,4063.083333,0.491342169,2,3120,0.233673,0.221322805,380.1899402,0.2946506,0,52
29,31683,498,Employed,Associate,5,10566,24,Married,2,Other,183,0.443554106,4,2,0.090370619,0,DebtConsolidation,0,22,12,30896,2581,278821,123883,2640.25,0.829092654,5,154938,0.236566,0.209471438,542.6665153,0.274847653,0,48
36,69003,499,SelfEmployed,Associate,11,5376,96,Single,4,Mortgage,458,0.367662789,6,2,0.174379819,0,Auto,0,28,11,983,1153,37496,23994,5750.25,0.779023357,3,13502,0.290876,0.248414968,129.3875731,0.102149919,1,42.4
43,72408,616,Employed,Bachelor,18,23181,48,Married,0,Rent,803,0.234654441,1,2,0.365438817,1,DebtConsolidation,0,22,29,3815,305,22524,33442,6034,0.820967194,4,5786,0.210181,0.2522172,771.4847976,0.260935498,0,63
51,105087,653,Employed,Master,33,48331,108,Single,1,Mortgage,772,0.116999562,5,1,0.180557546,0,Auto,1,22,24,21204,2121,201313,59261,8757.25,0.574198602,4,142052,0.266831,0.273712499,1208.153325,0.226115884,0,44
34,15000,607,Employed,Master,11,26412,96,Married,1,Own,468,0.031266607,1,2,0.350112392,0,Home,0,18,22,2232,2085,234374,11163,1250,0.8258669,6,223211,0.257912,0.276450517,685.4486807,0.922758945,0,48
37,38513,600,SelfEmployed,HighSchool,16,21225,48,Divorced,2,Rent,373,0.518635366,2,0,0.168435829,0,Education,0,22,29,1458,340,44836,28653,3209.416667,0.875203422,4,16183,0.216225,0.231104163,681.5771431,0.328588417,0,52
26,77555,527,Employed,Bachelor,5,22854,36,Married,0,Rent,499,0.095479571,6,1,0.188278148,0,Education,0,19,22,8710,691,39027,9580,6462.916667,0.882474112,5,29447,0.244354,0.199930067,849.255101,0.208614031,1,39.2
25,15000,576,Employed,HighSchool,1,18177,48,Single,0,Mortgage,528,0.273312263,6,1,0.236083226,0,Home,0,25,3,5689,1111,99036,274582,1250,0.868719772,3,1077,0.225177,0.219854905,572.5428041,0.880434243,0,57
49,24973,611,Employed,Bachelor,30,17466,48,Married,3,Own,336,0.280081587,1,0,0.414994447,0,Auto,0,23,12,3167,1547,44944,30121,2081.083333,0.872346286,9,14823,0.206966,0.221443098,551.6544409,0.426534789,0,55
56,18248,574,Employed,Associate,37,16443,24,Divorced,0,Own,733,0.283474182,2,1,0.063628336,0,Home,0,23,20,2682,548,204131,11483,1520.666667,0.933891937,2,192648,0.204443,0.173698456,815.9042462,1.018569211,0,48
39,67367,615,SelfEmployed,Associate,15,26889,48,Married,1,Mortgage,317,0.007965918,4,0,0.46591212,0,DebtConsolidation,0,29,24,8241,5430,115099,16012,5613.916667,0.525456879,4,99087,0.214389,0.1715112,777.9871225,0.195048696,1,42.4
52,32418,647,Employed,Bachelor,29,32208,12,Married,2,Rent,447,0.413401982,1,0,0.318759767,0,Auto,0,26,3,2926,533,326015,12696,2701.5,0.778286767,3,313319,0.173708,0.1507094,2908.11798,1.241946319,0,50
44,26879,649,Employed,Bachelor,21,20313,60,Married,1,Rent,562,0.4332425,3,2,0.219649579,0,Home,0,22,29,4029,3740,94575,23485,2239.916667,0.754221407,5,71090,0.200813,0.198963951,536.9999395,0.490643226,0,50
32,54128,620,Employed,Bachelor,11,20676,36,Single,0,Mortgage,322,0.263498947,2,1,0.100135921,0,Home,0,32,7,4943,388,92000,4196,4510.666667,0.789947459,1,87804,0.195676,0.177753037,745.1584242,0.236585521,1,36.8
44,19924,535,Employed,HighSchool,20,21767,48,Married,0,Mortgage,495,0.245326014,3,0,0.384352371,0,Education,0,32,19,21032,1679,22711,8051,1660.333333,0.814455674,8,14660,0.249267,0.2991204,782.629287,0.769501679,0,56
58,90788,672,Employed,Bachelor,34,18243,36,Married,2,Mortgage,153,0.297925723,3,0,0.146633465,0,DebtConsolidation,0,20,21,1980,1139,13542,32218,7565.666667,0.753031475,6,5911,0.167243,0.140428569,623.8822991,0.10268524,1,34.4
39,190445,619,Employed,Master,16,28894,36,Single,3,Mortgage,304,0.263649139,4,1,0.012833162,0,Other,0,24,8,2857,956,154003,38230,15870.41667,0.961251612,6,115773,0.204394,0.214125306,1094.712989,0.08813335,1,33.6
58,35372,612,Employed,HighSchool,38,25313,24,Married,1,Mortgage,424,0.291020376,3,0,0.404388836,0,Education,0,20,26,2811,3235,123931,4752,2947.666667,0.857234885,3,119179,0.194313,0.196999658,1284.618306,0.579651127,0,50
18,15000,570,Employed,Associate,0,50226,48,Married,1,Mortgage,537,0.208115531,10,0,0.226735283,0,DebtConsolidation,1,16,26,3575,3286,153676,71478,1250,0.783563628,3,82198,0.260226,0.228380006,1605.36257,1.713890056,0,58
49,40829,617,Employed,Bachelor,25,25478,36,Married,1,Mortgage,785,0.073220558,3,0,0.253745924,0,Auto,0,11,14,2267,1111,42122,7348,3402.416667,0.951948631,0,34774,0.201978,0.179312099,920.2117649,0.501176644,0,49
41,58655,523,Employed,Associate,16,26493,96,Single,4,Mortgage,206,0.415304422,4,0,0.175187563,0,Other,0,24,13,2003,1731,64414,41991,4887.916667,0.85271372,1,22423,0.299993,0.334440137,795.1657823,0.204824642,0,51
36,68801,531,Employed,Bachelor,14,18652,36,Single,0,Rent,1044,0.165515713,1,2,0.335232924,0,Auto,1,30,16,1810,630,446359,16938,5733.416667,0.554409423,2,429421,0.238152,0.2857824,777.3521551,0.317673084,0,53
41,92731,619,Employed,Bachelor,19,31116,48,Single,1,Rent,396,0.123051852,4,1,0.221117214,0,Home,0,20,3,3025,1004,11209,14838,7727.583333,0.553710828,3,7629,0.216616,0.215424503,972.6302006,0.17710973,0,50
18,40050,545,SelfEmployed,Doctorate,0,112253,48,Married,1,Rent,406,0.306127621,4,1,0.184527533,0,Home,1,33,2,1506,726,18390,29714,3337.5,0.937030242,4,7672,0.334753,0.358485696,4432.382784,1.449702707,0,64
37,40784,618,Employed,Master,14,41465,72,Married,0,Own,370,0.174326245,3,0,0.203760957,0,Home,0,26,27,21978,1394,197632,25549,3398.666667,0.831500989,4,172083,0.247465,0.292763473,1228.160165,0.470231512,0,45
44,15000,588,Employed,HighSchool,23,26563,48,Married,0,Mortgage,378,0.308927643,3,3,0.298108408,0,Home,0,24,21,1357,2246,496594,22556,1250,0.880859763,6,474038,0.227563,0.209816068,822.2789888,0.960223191,0,48
57,86699,615,Employed,Associate,39,7469,60,Single,0,Rent,413,0.113761868,6,2,0.179135546,0,Home,0,18,24,1872,8480,36531,70691,7224.916667,0.919494932,6,8130,0.204969,0.198849737,197.405087,0.084486108,1,36
33,17676,540,Employed,Associate,8,17801,48,Married,4,Own,226,0.153094569,4,1,0.355642791,0,DebtConsolidation,0,38,21,8380,1994,70945,22271,1473,0.878423281,5,48674,0.242801,0.243880793,584.1709707,0.550014237,0,55
30,42752,517,Employed,HighSchool,4,14379,36,Married,2,Rent,363,0.357778636,3,0,0.297587934,0,Auto,0,18,2,6094,1404,172820,26438,3562.666667,0.816055799,4,146382,0.240879,0.239661812,563.8738944,0.260162957,0,53
33,29096,570,Employed,Associate,12,40138,24,Married,3,Other,685,0.141297078,2,1,0.23944694,0,DebtConsolidation,0,28,19,1461,1471,86250,50013,2424.666667,0.76075839,4,36237,0.230138,0.248600622,2139.408949,1.16486484,0,53
50,60992,663,Employed,Bachelor,30,24642,48,Single,0,Rent,664,0.252637684,0,0,0.055588171,0,Home,0,28,17,4726,1723,52202,13350,5082.666667,0.917147963,4,38852,0.188142,0.216449288,771.6304126,0.282456141,0,44
43,100032,524,Employed,Master,21,19105,60,Married,0,Mortgage,824,0.106728644,5,0,0.226649868,1,Education,0,24,29,9197,302,49889,4301,8336,0.831493947,6,45588,0.262105,0.209684,516.5148903,0.160810328,1,49.6
33,35882,620,Employed,Master,11,9259,48,Single,0,Own,257,0.170245836,3,0,0.147593005,0,Home,0,23,11,3552,1162,61154,91262,2990.166667,0.883371579,3,8266,0.194259,0.200011478,281.7603872,0.180177377,0,47
46,32781,623,Employed,HighSchool,22,17468,60,Married,1,Other,1180,0.087482384,4,0,0.093777322,0,DebtConsolidation,0,23,19,7428,2122,299192,4938,2731.75,0.660953655,2,294254,0.210968,0.232065323,494.5061264,0.612979272,0,41
41,51707,585,Employed,Bachelor,18,20069,72,Married,3,Rent,407,0.005922389,5,0,0.217388379,0,Home,0,25,7,3815,1252,24114,24580,4308.916667,0.837323714,4,2253,0.242569,0.268223329,563.2583043,0.225174534,0,52
51,31251,596,Unemployed,Bachelor,30,66582,24,Single,0,Rent,357,0.566448097,2,2,0.160169554,0,Home,1,21,25,2313,945,30153,37940,2604.25,0.784061566,5,3276,0.243582,0.24745644,3545.091047,1.498355015,0,61
31,22359,524,Employed,HighSchool,11,26889,48,Married,2,Mortgage,216,0.221131696,5,1,0.455259931,0,Auto,0,14,8,24764,3578,131521,46881,1863.25,0.853879192,4,84640,0.259889,0.240713535,877.6917767,0.586980693,0,57
36,152650,610,Employed,Associate,12,24815,48,Married,3,Other,148,0.103056871,3,1,0.384307506,0,Home,0,21,25,4346,587,127009,89100,12720.83333,0.772580977,6,37909,0.214815,0.21351149,773.108261,0.072409428,1,38.4
35,15120,562,SelfEmployed,Master,11,21849,84,Married,0,Rent,423,0.515726666,5,1,0.238644521,0,DebtConsolidation,0,24,26,1874,1245,18522,14697,1260,0.951149525,5,3825,0.265849,0.244170701,544.9168705,0.768187992,0,58
22,59830,570,SelfEmployed,Associate,0,22734,24,Single,2,Rent,246,0.432399873,3,2,0.572327682,0,DebtConsolidation,0,29,9,2511,329,449345,13537,4985.833333,0.74850473,7,435808,0.212734,0.174626639,1129.080924,0.275797611,1,45.6
43,55308,645,Employed,Doctorate,22,19539,72,Single,0,Other,362,0.071558191,3,0,0.266209929,0,DebtConsolidation,0,29,24,5995,932,101618,7871,4609,0.966476271,4,93747,0.212039,0.1696312,434.2651669,0.172763108,1,36.8
43,30948,601,Employed,Bachelor,17,25291,36,Married,0,Mortgage,286,0.050951342,1,0,0.360348689,0,Auto,0,19,25,7167,291,99978,21318,2579,0.743577766,9,78660,0.209791,0.223307718,970.2078724,0.487091071,0,49
40,56940,592,Employed,Associate,21,15752,96,Married,0,Mortgage,213,0.425049983,3,0,0.117237585,0,DebtConsolidation,0,20,7,1349,634,97769,33321,4745,0.790791161,5,64448,0.254752,0.261601498,392.9661211,0.127706243,0,50
37,44000,539,Employed,HighSchool,13,28714,60,Married,3,Rent,457,0.414182437,3,1,0.199994093,0,Home,0,10,29,5872,2939,331208,29418,3666.666667,0.946449956,8,301790,0.264214,0.244173748,833.0142733,0.351822075,0,46
23,81554,509,Employed,HighSchool,4,35101,72,Married,1,Rent,519,0.357920901,5,0,0.29432355,0,Home,0,23,24,3233,1955,84421,14641,6796.166667,0.823124385,5,69780,0.295601,0.316512275,1093.628675,0.237285039,0,49
34,26567,612,Employed,Bachelor,13,17339,60,Single,1,Mortgage,194,0.087386093,1,1,0.065337074,0,DebtConsolidation,0,17,14,2738,512,55729,81589,2213.916667,0.682891631,4,9625,0.216339,0.232191325,490.9800293,0.309397386,0,48
35,33569,596,Employed,Bachelor,9,37172,48,Divorced,0,Mortgage,212,0.262914747,3,0,0.032588299,0,Home,0,20,8,2103,12534,56452,23346,2797.416667,0.706785895,6,33106,0.234172,0.224569569,1180.384964,0.497739568,0,52
30,94238,608,Employed,Bachelor,6,15917,36,Married,3,Own,203,0.164377527,3,2,0.458928082,0,Home,0,23,2,3382,7940,54668,13137,7853.166667,0.607675433,3,41531,0.196917,0.187632533,581.5503892,0.099902424,1,44
38,45145,587,Employed,Bachelor,17,11431,48,Divorced,1,Mortgage,879,0.126124946,5,0,0.297410249,0,Education,0,27,24,7060,2678,119670,26515,3762.083333,0.958147173,9,93155,0.212931,0.196131632,345.4978469,0.325483977,1,40
44,70881,597,Employed,Master,23,34590,48,Divorced,0,Rent,324,0.304031873,1,1,0.117077159,0,Home,0,22,19,2050,1136,3628,21804,5906.75,0.787064062,8,1188,0.23109,0.214166498,1078.870189,0.237502889,0,50
62,105240,656,Employed,Associate,39,13937,108,Widowed,3,Mortgage,391,0.248974565,6,2,0.198300231,1,Home,0,32,26,1960,2516,62442,28628,8770,0.964705144,4,33814,0.230937,0.229707857,306.3041271,0.079510163,0,55
42,63709,517,Unemployed,Bachelor,18,22221,48,Single,0,Mortgage,623,0.28385889,2,3,0.473213044,0,Auto,0,41,18,3930,136,80888,12851,5309.083333,0.620807382,3,68037,0.258721,0.265423641,756.0285458,0.259748898,0,57
43,31713,487,SelfEmployed,Bachelor,18,38865,48,Married,1,Rent,314,0.249955683,2,3,0.601057214,0,Auto,0,20,6,395,231,49718,43113,2642.75,0.978651736,3,6605,0.290365,0.286430461,1368.867256,0.636786399,0,64
39,29900,536,Employed,HighSchool,17,23396,72,Single,3,Mortgage,589,0.103820671,3,0,0.185815459,0,DebtConsolidation,0,28,4,470,2353,23801,36682,2491.666667,0.936513598,6,2585,0.270396,0.299452038,703.0228597,0.518537603,0,54
18,87673,608,Employed,Master,0,10667,72,Single,3,Mortgage,725,0.221963021,4,0,0.385683147,0,Auto,1,23,19,1134,551,71561,5492,7306.083333,0.736348905,5,66069,0.221667,0.240020391,280.8415073,0.137671781,1,43.2
39,55454,565,SelfEmployed,Bachelor,16,35551,36,Married,3,Mortgage,1206,0.240673896,5,0,0.52638809,0,Auto,0,22,13,4159,1098,33268,27329,4621.166667,0.973360913,4,5939,0.238051,0.254148219,1421.31293,0.568538882,0,61
40,40722,558,Employed,HighSchool,18,31637,120,Married,2,Own,269,0.172711393,5,2,0.143886778,0,Auto,0,22,9,9140,398,141270,20184,3393.5,0.801991762,4,121086,0.307637,0.302798547,840.5550283,0.326964794,0,47
69,76571,680,Employed,Master,49,34173,48,Married,1,Rent,407,0.158676837,7,2,0.2166189,0,Home,0,20,3,2220,3117,78008,5915,6380.916667,0.959075228,7,72093,0.189173,0.191127596,1023.811209,0.224232862,0,46
37,22901,525,Employed,Master,14,18493,48,Married,2,Rent,288,0.085922233,1,1,0.264111956,0,Auto,0,25,6,3120,3491,99630,10098,1908.416667,0.924738897,3,89532,0.250993,0.253403309,616.6902883,0.474052813,0,53
43,49421,609,Employed,Bachelor,21,17161,72,Married,3,Other,438,0.362115605,3,4,0.258787054,0,DebtConsolidation,0,21,8,10050,1546,17627,40586,4118.416667,0.853843559,8,9540,0.227661,0.258068076,470.8010354,0.220667579,0,51
39,43507,611,Employed,Associate,16,31845,48,Divorced,3,Rent,544,0.374989953,4,2,0.084789922,1,Home,0,32,15,1192,5407,30751,34764,3625.583333,0.728615291,7,6480,0.221345,0.265614,1083.810066,0.448978803,0,60
25,41402,572,Employed,Doctorate,4,25900,36,Married,4,Mortgage,419,0.111313557,2,2,0.092334724,0,Home,0,29,21,9920,6772,36312,37402,3450.166667,0.729440679,6,4623,0.2249,0.237735022,1013.053306,0.415067863,0,50
53,37405,626,Employed,HighSchool,30,15770,48,Married,0,Mortgage,442,0.227953806,3,0,0.299644558,0,DebtConsolidation,1,22,19,14266,762,15028,29045,3117.083333,0.85386526,3,4530,0.19777,0.206105431,485.031636,0.297403546,0,56
49,48399,564,Employed,Bachelor,29,19629,48,Single,0,Rent,346,0.284553044,6,1,0.21451177,0,Home,0,18,19,993,1120,91813,16583,4033.25,0.881655038,1,75230,0.232629,0.264095006,666.3672619,0.251005334,0,51
49,44775,574,Employed,HighSchool,28,20270,48,Divorced,4,Mortgage,228,0.153746573,3,0,0.1961324,0,Education,0,28,7,3070,1348,31257,64801,3731.25,0.84456749,5,8511,0.22827,0.219604327,638.1928593,0.23214549,0,51
29,125711,580,Employed,Associate,7,12133,48,Widowed,0,Own,543,0.456350646,3,1,0.214796498,0,Home,0,20,20,16833,1592,18425,10411,10475.91667,0.706697595,5,8014,0.217133,0.21812612,381.0299962,0.088205169,1,40.8
56,15131,634,Employed,Master,30,25599,48,Married,2,Rent,351,0.242600368,1,1,0.381070565,0,Home,1,25,5,2458,2915,73848,15145,1260.916667,0.778020136,7,58703,0.203599,0.228322593,818.1347931,0.927210199,0,59
23,73576,603,Employed,Bachelor,0,12055,36,Married,2,Other,491,0.010550359,8,0,0.249302105,0,Education,0,26,1,1924,600,50167,59651,6131.333333,0.766523061,5,4647,0.195555,0.175438646,433.0636692,0.1507117,1,41.6
47,50345,602,Employed,Bachelor,22,18805,48,Married,1,Mortgage,441,0.468299317,2,1,0.087930541,0,Home,0,24,1,13605,785,50714,3537,4195.416667,0.57948893,3,47177,0.212805,0.232486555,605.2927056,0.249389462,0,52
66,56816,669,Employed,Associate,41,20719,12,Single,2,Mortgage,288,0.32019893,4,1,0.076462014,0,Auto,0,28,27,8124,705,636666,14955,4734.666667,0.706252733,6,621711,0.151219,0.139414951,1859.728992,0.453617782,1,28.8
28,34588,621,Employed,Master,0,18962,48,Single,0,Mortgage,444,0.215344838,4,0,0.281664771,0,DebtConsolidation,0,36,1,8955,256,89846,11153,2882.333333,0.664763481,3,78693,0.203462,0.240947552,619.1897311,0.368864253,0,52
33,55383,565,Employed,Associate,10,9093,48,Married,3,Own,419,0.308094245,4,0,0.093625715,0,Auto,0,18,21,6607,1948,13714,6183,4615.25,0.637691465,2,7531,0.221593,0.23296114,292.9212285,0.154254099,1,40
41,65180,551,Employed,HighSchool,16,15086,72,Married,2,Mortgage,323,0.262959229,1,0,0.189328507,0,DebtConsolidation,0,24,26,562,1662,64928,61849,5431.666667,0.576122394,7,3079,0.254586,0.232624658,390.4395277,0.131348179,1,40
33,15000,523,Employed,Bachelor,8,13879,60,Married,2,Rent,248,0.258464995,2,2,0.366896047,0,Auto,0,29,13,12973,290,27247,5651,1250,0.778598386,2,21596,0.257379,0.269063475,423.0232759,0.536818621,0,56
21,149736,560,Employed,Associate,0,27917,48,Married,0,Own,604,0.307627102,1,0,0.364732771,0,Auto,0,27,9,3003,2256,290530,10999,12478,0.827830968,6,279531,0.242917,0.208264443,861.8653947,0.117475989,1,37.6
40,42717,585,Employed,HighSchool,14,41561,24,Divorced,3,Other,326,0.380083572,2,1,0.252630804,0,Home,0,21,24,489,759,48731,10782,3559.75,0.658450452,3,37949,0.224061,0.214000198,2143.813798,0.693816644,0,53
27,66417,590,Employed,Master,5,9493,48,Married,3,Mortgage,408,0.644568843,3,1,0.190629616,0,Home,0,27,17,2012,1060,112110,24837,5534.75,0.758860953,9,87273,0.209493,0.191983112,284.8361861,0.12517931,1,40
45,22121,602,Employed,Bachelor,23,18805,60,Divorced,3,Other,250,0.221027442,0,2,0.064124248,0,Home,0,32,12,667,2669,63386,7364,1843.416667,0.98674491,2,56022,0.222805,0.237957438,538.7544132,0.42787636,0,47
28,37558,620,Employed,Master,5,18686,60,Married,0,Rent,278,0.122147059,1,1,0.219745034,0,Education,0,24,24,4575,1163,9316,17652,3129.833333,0.853223748,10,2660,0.213686,0.227713505,524.3153018,0.256344417,0,49
58,134691,621,Employed,Bachelor,36,16421,24,Married,0,Rent,607,0.191641419,1,0,0.169401203,0,Home,1,28,27,1619,306,48831,27992,11224.25,0.884270894,4,20839,0.180921,0.198068674,834.2114896,0.128401585,1,40
30,33101,539,Employed,HighSchool,7,29824,60,Married,0,Rent,358,0.18478734,3,0,0.163751052,0,Education,0,17,19,2548,1004,220116,8784,2758.416667,0.911383197,0,211332,0.265324,0.238971475,856.1962597,0.440178699,0,46
36,44364,439,Employed,HighSchool,10,5538,36,Divorced,1,Mortgage,313,0.331444599,3,1,0.30184152,0,Other,0,26,12,2471,764,203672,8223,3697,0.868086433,7,195449,0.271038,0.256212502,222.0136238,0.144715614,1,40.8
49,38596,499,Employed,Master,27,13078,36,Married,2,Other,292,0.14825455,1,2,0.387717694,0,DebtConsolidation,1,24,23,1121,1118,40099,121827,3216.333333,0.803058411,6,4304,0.248578,0.255899355,524.0681506,0.253726236,0,60
25,139954,439,Unemployed,HighSchool,3,40858,48,Single,0,Rent,293,0.172889807,1,0,0.448911039,0,Auto,0,28,22,427,1429,51633,5937,11662.83333,0.588756942,2,45696,0.316358,0.312445458,1500.854523,0.153809497,0,56
42,53444,521,Unemployed,Bachelor,19,16462,60,Married,0,Other,730,0.368490339,4,1,0.237526015,0,Auto,0,24,12,4608,638,44150,32195,4453.666667,0.580948446,7,11955,0.260962,0.288080282,520.6123709,0.280805113,0,55
55,113523,643,Employed,HighSchool,33,10990,60,Married,0,Own,427,0.306019261,4,2,0.221712026,0,Auto,0,25,18,4279,2107,130005,17536,9460.25,0.865374165,4,112469,0.19449,0.203889021,293.551019,0.076166171,1,35.2
20,31270,581,Employed,Bachelor,1,6624,12,Married,1,Mortgage,151,0.464867466,5,2,0.092079081,0,Other,1,27,20,2857,478,78348,31210,2605.833333,0.780227962,6,47138,0.181124,0.173323616,605.1855616,0.290189534,0,58
42,46717,520,Employed,HighSchool,21,20915,60,Divorced,4,Other,616,0.392678059,4,2,0.441898169,0,Auto,0,25,20,1085,2885,8920,11975,3893.083333,0.988907846,1,3094,0.265915,0.245702449,608.6245936,0.314564187,0,57
43,56613,564,Employed,HighSchool,19,25148,36,Single,0,Mortgage,340,0.513658837,5,1,0.435346558,0,Home,0,20,3,4138,1730,226679,47469,4717.75,0.500503736,8,179210,0.228148,0.241327041,988.3808663,0.281570848,0,56
49,86882,612,Employed,Bachelor,24,51374,72,Married,1,Rent,380,0.11659762,1,2,0.225287113,0,Home,0,35,19,10374,565,45230,263937,7240.166667,0.54708558,8,4755,0.260374,0.277772588,1472.689201,0.255890408,0,47
25,69876,598,Employed,Associate,5,17992,96,Single,1,Rent,545,0.011470739,3,1,0.258154691,0,DebtConsolidation,0,31,15,915,506,19626,7056,5823,0.804221282,5,12570,0.253992,0.272305298,461.8554917,0.172910096,0,51
24,32582,513,SelfEmployed,Bachelor,4,26598,60,Divorced,0,Rent,231,0.462592067,5,1,0.146652255,0,DebtConsolidation,0,24,21,288,1263,32463,10978,2715.166667,0.851906681,4,21485,0.275098,0.272707952,816.4890482,0.385791805,0,55
46,101562,612,Employed,Bachelor,23,30836,84,Divorced,3,Mortgage,323,0.605553686,6,0,0.189514885,0,Education,1,26,14,7528,378,62262,36152,8463.5,0.773425392,5,26110,0.249836,0.236658705,754.401568,0.127299766,0,54
43,24611,548,Unemployed,Bachelor,25,21110,24,Married,0,Other,489,0.577459035,0,1,0.222317809,0,Education,0,30,18,10586,1352,190056,20979,2050.916667,0.756585723,5,169077,0.22211,0.247342383,1123.859894,0.786409278,0,54
43,22390,594,Employed,Associate,21,17603,120,Married,1,Own,389,0.15814493,3,5,0.399641944,0,Auto,0,19,23,612,293,24284,46780,1865.833333,0.918248131,3,8633,0.275603,0.292970668,454.9331165,0.45230895,0,55
44,47430,605,Employed,Bachelor,25,32684,60,Married,5,Mortgage,377,0.635142123,2,0,0.191575883,0,DebtConsolidation,0,31,17,673,505,57941,32526,3952.5,0.716241805,5,25415,0.235184,0.232355477,925.8059034,0.329615662,0,50
31,57105,500,Employed,Master,6,24760,36,Single,3,Rent,168,0.122225235,2,1,0.328967583,0,Home,0,15,20,2593,129,12750,12673,4758.75,0.71309215,6,1632,0.25976,0.268101331,1008.31193,0.247189268,0,53
42,28751,536,Employed,Bachelor,21,30150,60,Married,0,Own,343,0.411098167,1,3,0.338673753,0,DebtConsolidation,0,19,5,8298,2785,33961,20305,2395.916667,0.850026707,7,13656,0.26715,0.258890882,900.7265158,0.519102577,0,59
43,43567,547,Employed,Bachelor,17,17390,24,Married,2,Mortgage,308,0.143643784,3,0,0.265708642,0,DebtConsolidation,0,28,10,12906,4746,131041,11319,3630.583333,0.765327756,3,119722,0.21889,0.238016836,917.707995,0.337606352,0,48
31,20113,575,Employed,Master,6,27214,36,Married,1,Own,347,0.216274834,2,1,0.452728607,0,Other,0,20,2,4698,1891,99134,46478,1676.083333,0.805018167,1,52656,0.224714,0.226757609,1048.852878,0.832806371,0,60
62,52633,682,Unemployed,Master,41,13197,120,Married,5,Own,347,0.22060986,0,2,0.17797028,1,Auto,0,22,27,4853,730,51962,68554,4386.083333,0.732344837,9,6415,0.227197,0.224554753,276.8821426,0.142241288,0,59
45,93617,557,Employed,Associate,25,10868,84,Single,0,Own,826,0.185208357,7,4,0.467310221,0,Home,0,18,17,3489,357,79807,54410,7801.416667,0.802460309,8,25397,0.257368,0.246893799,272.9321558,0.140863154,1,43.2
25,34276,574,Employed,Doctorate,3,5163,96,Married,3,Rent,365,0.306851243,3,0,0.198152855,0,DebtConsolidation,0,27,26,3141,42,38198,5950,2856.333333,0.643277815,6,32248,0.253163,0.251665486,125.3743364,0.17167966,0,51
47,25819,587,SelfEmployed,HighSchool,25,12824,36,Married,0,Rent,103,0.625111014,2,2,0.201914092,0,DebtConsolidation,0,30,5,1622,1914,63582,13848,2151.583333,0.731165608,6,49734,0.204324,0.182182232,465.0233902,0.264002505,0,61
28,72220,546,Employed,Doctorate,5,11336,36,Married,1,Mortgage,533,0.074975753,2,2,0.094343712,0,DebtConsolidation,0,27,28,1517,1581,125642,21847,6018.333333,0.858657173,9,103795,0.223336,0.212421409,428.4952003,0.159761041,1,36
49,30032,594,Employed,HighSchool,28,5789,24,Single,0,Mortgage,148,0.310708395,3,4,0.604385664,0,DebtConsolidation,0,32,1,1632,524,87958,20361,2502.666667,0.916058479,7,67597,0.183789,0.19514352,293.2641924,0.176317605,0,61
53,259639,545,Employed,Associate,29,39203,12,Single,3,Rent,189,0.438656271,2,0,0.215905987,0,DebtConsolidation,0,26,18,21809,322,22131,31385,21636.58333,0.629447748,3,2180,0.231703,0.208267431,3647.080235,0.177296026,1,40.8
30,58238,628,SelfEmployed,Master,7,15647,48,Married,1,Mortgage,770,0.329525883,3,1,0.177226417,1,DebtConsolidation,0,31,5,8060,2519,52153,9039,4853.166667,0.652000275,4,43114,0.196647,0.196808625,473.487404,0.256221863,0,64
51,91953,618,Employed,HighSchool,29,21715,48,Married,5,Rent,264,0.284880797,2,1,0.505545749,0,DebtConsolidation,0,30,4,2879,4094,33213,16233,7662.75,0.856589661,10,16980,0.207715,0.191006847,650.4353504,0.119335141,1,45.6
44,22237,609,Employed,HighSchool,23,33644,60,Divorced,1,Rent,816,0.083470403,3,0,0.471472544,0,Home,0,28,21,1967,2124,64119,23197,1853.083333,0.747585216,3,40922,0.234144,0.226311264,941.3235675,0.948324091,0,54
49,74085,653,Employed,Bachelor,27,36208,12,Married,2,Other,375,0.261044715,3,0,0.56356516,0,DebtConsolidation,0,32,28,2043,15912,70652,75471,6173.75,0.840751317,6,7553,0.174708,0.171099938,3304.231999,0.595947682,0,52
62,33370,633,Employed,Bachelor,41,18943,24,Divorced,2,Rent,545,0.52164351,5,0,0.308701359,0,Home,0,24,9,966,1022,92153,124204,2780.833333,0.836358909,5,10973,0.177443,0.18541125,950.6725135,0.537850469,0,54
37,36562,553,Employed,HighSchool,14,38934,48,Married,0,Own,782,0.271256546,4,0,0.373454925,0,Home,1,26,11,636,1405,2612797,9589,3046.833333,0.492074326,4,2603208,0.257434,0.221785163,1230.434053,0.660500209,1,42.4
30,25658,583,Employed,Associate,7,6423,36,Married,3,Own,374,0.189453555,1,1,0.065644668,0,Other,0,20,6,2411,480,73838,16061,2138.166667,0.628161982,5,57777,0.199923,0.197495976,237.8829964,0.286171797,0,51
29,75095,590,Employed,Associate,6,11657,120,Married,1,Rent,182,0.445935977,3,0,0.582569969,0,Auto,1,15,9,1570,510,61242,19771,6257.916667,0.895877957,7,41471,0.271657,0.3259884,329.8993647,0.081800285,0,66
30,50657,591,Employed,HighSchool,4,20536,48,Married,2,Mortgage,638,0.307686226,7,2,0.061151466,0,Auto,0,27,14,20114,475,124093,16677,4221.416667,0.696183348,11,107416,0.220036,0.195913608,620.4555409,0.298112136,0,46
39,48707,582,Employed,Bachelor,17,9741,36,Married,0,Other,558,0.052235724,1,0,0.251478066,0,Home,0,30,17,2817,337,118511,49436,4058.916667,0.815182331,13,69075,0.203741,0.2444892,384.4670168,0.23219669,0,50
44,99138,524,Employed,HighSchool,19,23007,48,Single,4,Rent,472,0.254021748,2,2,0.2485996,0,Auto,0,25,24,2596,152,10777,42553,8261.5,0.75710876,6,1156,0.256007,0.244342503,755.6043743,0.1485934,1,40.8
43,48280,581,Employed,Associate,20,40424,36,Married,4,Rent,340,0.245617093,0,1,0.236268129,0,Home,0,28,12,3207,4229,102225,18198,4023.333333,0.721181988,2,84027,0.234924,0.190317237,1482.431411,0.452965554,0,51
49,88064,568,Employed,Bachelor,27,24156,120,Married,0,Other,382,0.418856157,2,0,0.109589903,0,Other,0,28,17,7110,252,161014,25181,7338.666667,0.718313886,4,135833,0.295156,0.259907112,566.4924364,0.129245881,1,36.8
40,177855,625,Employed,Master,18,17289,60,Married,0,Mortgage,280,0.038195441,3,0,0.436205217,0,Education,0,24,26,3966,947,100795,5297,14821.25,0.437647007,5,95498,0.209789,0.231702553,489.0777212,0.051890206,1,38.4
57,55440,614,Employed,Bachelor,35,31937,12,Widowed,2,Own,497,0.14720382,3,2,0.32860438,0,Auto,0,25,14,958,1312,32453,11335,4620,0.919605926,4,21118,0.189937,0.185523327,2936.385522,0.743157039,0,50
36,44377,558,Employed,HighSchool,13,11938,36,Married,3,Rent,215,0.487141346,1,1,0.172368675,0,DebtConsolidation,0,23,19,2782,1457,59951,7527,3698.083333,0.844834198,2,52424,0.217938,0.210405515,450.0135497,0.179826545,1,40
72,115677,511,Employed,Bachelor,51,27962,24,Married,1,Own,364,0.106716336,6,0,0.482772273,0,DebtConsolidation,0,26,6,1314,3522,89023,36001,9639.75,0.621282686,5,53022,0.247462,0.281752414,1537.290226,0.197234392,0,54
47,163133,654,Employed,Master,27,13145,36,Single,5,Mortgage,210,0.124727742,2,1,0.107168337,0,Education,0,27,6,687,411,85222,23228,13594.41667,0.864147156,8,61994,0.171145,0.196072881,485.8890018,0.051189324,1,32.8
29,51989,517,Employed,Bachelor,5,26850,72,Married,3,Mortgage,351,0.169492133,5,0,0.486149061,0,Auto,0,22,3,1462,391,54547,10095,4332.416667,0.837484158,6,44452,0.28335,0.308280968,822.1477906,0.270783694,0,58
27,28941,612,Employed,Associate,3,15007,60,Single,0,Mortgage,112,0.126320773,1,1,0.528454795,0,Education,0,23,8,1934,2041,133058,88914,2411.75,0.720013119,6,44144,0.214007,0.188136857,387.7529909,0.207215918,0,57
45,117455,652,Unemployed,Doctorate,21,19372,48,Divorced,3,Own,697,0.244414931,2,0,0.680913806,0,Auto,1,26,6,3583,11199,288436,9076,9787.916667,0.740201102,3,279360,0.188372,0.185810621,574.9512772,0.129951176,1,44.8
37,68157,565,Employed,Bachelor,14,15091,36,Married,2,Mortgage,394,0.216311173,1,1,0.085408128,0,Education,0,28,27,4080,422,12695,66526,5679.75,0.748442362,3,3047,0.217591,0.231503654,585.3517618,0.172428674,1,40
48,117456,579,Employed,Master,24,17310,36,Married,5,Mortgage,451,0.241074351,2,0,0.11822654,0,Home,0,18,24,1689,949,31979,20558,9788,0.798218024,5,11421,0.21281,0.218896407,660.0888872,0.113515416,1,39.2
45,84230,579,Employed,Bachelor,21,61376,72,Married,0,Rent,565,0.314007158,3,0,0.093365907,0,Home,1,34,7,922,542,29842,14843,7019.166667,0.894826038,3,14999,0.286876,0.293986417,1822.717368,0.34017106,0,56
39,47910,515,Employed,HighSchool,15,25068,24,Married,3,Mortgage,447,0.119513307,4,0,0.021372031,0,Education,0,17,10,3131,2447,68899,11745,3992.5,0.830638545,2,57154,0.242568,0.239197996,1324.369438,0.443674249,0,48
29,37709,557,Employed,HighSchool,8,27440,60,Married,1,Own,435,0.476069673,5,1,0.462977458,0,DebtConsolidation,1,25,9,1785,543,9716,16781,3142.416667,0.739760274,5,4672,0.25394,0.304728,895.7625781,0.423483809,0,65
21,73625,540,Employed,Bachelor,1,12927,24,Single,0,Mortgage,182,0.11674168,1,1,0.192876458,1,Home,0,21,8,1176,1252,159098,20357,6135.416667,0.922687725,7,138741,0.217927,0.20860742,663.3784316,0.137786637,0,58
34,19757,592,Employed,Associate,12,17292,120,Married,4,Rent,385,0.380518875,1,2,0.181078529,0,Education,0,28,9,3053,1330,44477,106504,1646.416667,0.850136404,5,2757,0.276292,0.254743575,399.1784068,0.476294016,0,53
50,111020,498,Employed,Associate,28,23552,12,Married,4,Rent,496,0.236654388,1,2,0.452129129,0,Other,0,23,24,2429,1167,43095,13083,9251.666667,0.929136637,2,30012,0.239552,0.242604556,2230.0373,0.294653644,1,44
42,54202,553,Unemployed,HighSchool,20,12176,60,Single,0,Rent,292,0.176307453,8,1,0.0518712,1,Auto,0,22,9,4326,727,39483,98490,4516.833333,0.84938805,8,4212,0.240676,0.239007979,349.5780008,0.142041548,0,65
25,36184,620,Employed,Master,6,38807,48,Single,3,Other,210,0.730022275,5,1,0.227832641,0,DebtConsolidation,0,38,9,2111,611,68351,27576,3015.333333,0.787161892,5,40775,0.223807,0.195525082,1171.678453,0.458217484,0,53
42,56320,603,Employed,Master,16,21883,60,Married,0,Rent,653,0.118436105,3,1,0.069661939,0,Auto,0,31,12,2478,1449,326068,11532,4693.333333,0.884155989,4,314536,0.225383,0.200452406,580.3166457,0.262780535,1,32
44,111257,487,Employed,Associate,22,18609,60,Single,0,Mortgage,525,0.419873026,2,0,0.185945256,0,Education,0,25,17,1370,300,24626,30649,9271.416667,0.92786882,5,1850,0.280109,0.273964211,572.6492835,0.118390676,1,40
29,55172,606,Employed,Bachelor,6,40220,36,Married,0,Mortgage,317,0.513680234,4,6,0.576116699,0,Auto,0,31,9,14454,1521,82416,8200,4597.666667,0.855336708,4,74216,0.22222,0.223854822,1544.05236,0.404781924,0,55
41,29020,583,Employed,HighSchool,16,16570,60,Married,2,Mortgage,158,0.227759006,2,1,0.173766477,0,Home,0,23,4,713,862,22214,10612,2418.333333,0.938497055,5,11602,0.23007,0.231909137,468.935416,0.259242763,0,55
40,19990,564,Employed,Bachelor,22,11236,24,Divorced,2,Mortgage,511,0.428427773,2,1,0.26027699,0,DebtConsolidation,0,28,15,1477,5786,100659,7602,1665.833333,0.885167782,4,93057,0.204236,0.191758952,567.351904,0.64733481,0,53
26,196442,600,Employed,Associate,5,25519,24,Single,1,Mortgage,326,0.320407509,4,1,0.169365099,0,Auto,1,25,19,4763,4810,9573,128864,16370.16667,0.747174139,9,6837,0.200519,0.199145171,1297.744564,0.099189251,1,40.8
44,21725,630,Employed,Bachelor,22,38766,48,Single,0,Rent,206,0.190232539,6,1,0.427326576,0,Auto,0,10,13,2332,494,90534,37492,1810.416667,0.843844102,8,53042,0.218766,0.239370718,1262.494508,0.811136207,0,52
46,49098,472,Employed,Associate,24,31990,72,Married,3,Mortgage,352,0.292985256,2,1,0.126462887,0,DebtConsolidation,1,27,24,11754,2781,22172,20084,4091.5,0.847108296,1,2088,0.31099,0.33258932,1030.582079,0.337915698,0,57
52,33061,640,Employed,Associate,30,11580,36,Married,3,Own,384,0.188189018,5,2,0.305251334,0,Auto,0,19,25,9144,801,144771,65760,2755.083333,0.646115855,5,79011,0.17658,0.163350962,409.0368044,0.287844943,1,39.2
52,91077,550,Employed,HighSchool,27,37597,36,Single,4,Other,917,0.10933195,1,2,0.115573778,0,Home,0,22,4,3363,431,17299,34929,7589.75,0.895732847,6,5342,0.247597,0.291777355,1579.166587,0.328886536,0,51
23,17270,593,Employed,HighSchool,0,28352,36,Single,2,Own,858,0.365284076,5,2,0.244350311,0,Home,0,24,29,24249,1912,38825,12998,1439.166667,0.38160375,3,25827,0.216852,0.208157691,1065.483539,1.33652591,0,54
28,137635,622,Employed,Master,4,12414,48,Divorced,2,Own,285,0.468203644,6,1,0.366311719,0,Home,0,18,8,1133,4015,13939,5554,11469.58333,0.712773337,5,8385,0.196414,0.1571312,349.9949757,0.055363387,1,40.8
46,44523,613,Unemployed,HighSchool,23,12648,96,Married,3,Mortgage,90,0.153657113,2,0,0.422808686,0,Home,0,30,28,2266,1008,25164,36282,3710.25,0.780107139,4,6932,0.241148,0.255169233,310.0847436,0.107832287,0,56
46,40998,576,Employed,HighSchool,26,29172,48,Single,1,Mortgage,463,0.126345617,3,2,0.711083713,0,DebtConsolidation,0,23,18,2493,1858,16901,30888,3416.5,0.497817252,5,7970,0.236172,0.245967103,960.7096342,0.41671583,0,58
46,49839,558,Employed,Associate,28,34869,108,Single,3,Rent,565,0.288488656,1,1,0.260473076,1,Auto,0,26,20,15200,651,15851,29182,4153.25,0.908746817,5,5439,0.300869,0.342460806,1045.150848,0.387684548,0,65
80,48462,656,Employed,Associate,61,29111,72,Married,4,Rent,477,0.353579875,3,4,0.284267305,0,Auto,0,19,15,3972,2076,45290,66211,4038.5,0.886345198,7,5097,0.216111,0.189980567,680.4873932,0.286613196,0,47
46,37268,535,Employed,Bachelor,23,26549,48,Married,0,Rent,504,0.109871916,2,2,0.104144416,0,DebtConsolidation,1,19,12,652,2447,29282,10542,3105.666667,0.918333089,8,18740,0.254049,0.223858682,842.0263949,0.433409808,0,56
53,85512,628,Employed,Associate,30,20367,48,Single,1,Own,338,0.218746725,3,2,0.314813123,0,Auto,0,30,8,2369,1188,149155,52247,7126,0.909841054,8,96908,0.201367,0.182711544,601.1702804,0.131794875,1,39.2
51,16619,617,Employed,HighSchool,29,22186,48,Widowed,5,Rent,236,0.281497311,5,2,0.092377568,0,Home,0,23,20,10910,2098,54770,43575,1384.916667,0.784347586,3,11195,0.208686,0.215927232,694.0975599,0.671590993,0,49
47,30548,490,Employed,HighSchool,25,22280,84,Married,0,Own,920,0.021919536,1,1,0.21219409,0,Other,0,28,26,1701,2417,21711,29011,2545.666667,0.711992803,2,6851,0.30228,0.31156232,654.4659853,0.618488668,0,52
36,108416,604,Unemployed,HighSchool,9,60460,72,Married,0,Own,292,0.344963715,2,1,0.183829016,0,DebtConsolidation,0,22,25,48211,772,67394,5965,9034.666667,0.871532212,3,61429,0.27346,0.22769426,1546.860574,0.203533859,0,47
49,56255,571,Employed,Associate,28,14526,24,Married,0,Rent,573,0.098599267,3,0,0.009300333,0,Auto,0,19,4,23933,658,366111,44654,4687.916667,0.749845763,3,321457,0.204026,0.206903761,744.220698,0.280982106,1,36.8
30,35795,510,Employed,Master,6,18086,36,Married,2,Rent,239,0.096626748,6,0,0.404420977,0,DebtConsolidation,0,22,15,1038,4134,165933,34105,2982.916667,0.811141876,4,131828,0.248086,0.246407452,715.6642372,0.320043885,0,52
37,20882,566,Employed,HighSchool,14,23838,48,Divorced,2,Mortgage,671,0.127837931,3,2,0.245815681,0,Home,0,24,25,2011,536,144098,56021,1740.166667,0.784486939,7,88077,0.235838,0.218396123,748.9677588,0.815995264,0,51
34,21573,522,Employed,Bachelor,12,12419,48,Divorced,0,Other,194,0.432945635,4,1,0.408702448,0,Education,0,28,15,2935,229,51753,3910,1797.75,0.920186293,7,47843,0.246419,0.231705596,399.2086432,0.329972823,0,59
40,86157,535,Employed,Bachelor,15,16775,36,Married,2,Mortgage,370,0.280124462,2,1,0.329415035,0,Auto,0,26,12,3368,4485,106697,33353,7179.75,0.852649404,5,73344,0.234275,0.238419356,656.7397067,0.143004938,1,40.8
67,29708,626,Unemployed,HighSchool,42,44904,108,Divorced,1,Rent,631,0.38950911,6,0,0.139038395,0,DebtConsolidation,0,16,11,1303,5039,98472,15326,2475.666667,0.751187249,8,83146,0.276904,0.331045567,1307.98557,0.783217545,0,50
18,77920,578,Employed,Bachelor,0,20677,36,Divorced,2,Rent,1093,0.279277903,1,0,0.479770576,0,DebtConsolidation,0,26,20,6127,2578,36486,94587,6493.333333,0.853444466,4,5109,0.216677,0.234137448,804.8666365,0.292279256,0,56
48,35187,574,Employed,Bachelor,24,82538,48,Married,1,Mortgage,572,0.040110544,2,2,0.210034661,0,Auto,1,25,9,7826,502,24320,13229,2932.25,0.715870672,4,11091,0.290538,0.288651602,2917.633022,1.190087142,0,59
20,53299,544,SelfEmployed,Bachelor,0,36261,36,Divorced,0,Mortgage,630,0.118683857,0,2,0.457003658,0,Home,0,25,24,3678,1968,175920,10093,4441.583333,0.791706164,3,165827,0.249261,0.281908423,1503.626162,0.480375128,0,54
34,54605,614,Employed,Master,11,12604,24,Single,1,Rent,462,0.545737674,6,1,0.22709889,0,DebtConsolidation,0,30,18,5395,399,13039,59277,4550.416667,0.839421547,4,3640,0.180604,0.157229046,615.4635941,0.236783502,1,40
53,36754,505,SelfEmployed,Associate,30,36455,36,Married,1,Mortgage,674,0.439097853,0,0,0.182767575,0,DebtConsolidation,0,34,14,3055,5057,138955,21422,3062.833333,0.798733349,6,117533,0.268955,0.282110203,1512.068674,0.713740656,0,51
40,37426,601,Employed,HighSchool,19,38810,24,Single,0,Mortgage,153,0.495080107,3,0,0.273687445,0,Home,0,12,25,6120,1145,171618,1466,3118.833333,0.612297762,2,170152,0.21331,0.211253005,1996.666475,0.689253399,0,47
27,29512,545,Employed,Bachelor,5,28201,60,Single,1,Mortgage,455,0.08892625,3,2,0.238223981,0,Home,0,15,18,2290,5251,24830,65744,1250,0.786623012,2,3661,0.260701,0.298519061,909.83449,1.091867592,0,53
31,34589,445,Employed,HighSchool,10,91631,60,Married,3,Rent,285,0.447921726,2,1,0.07125895,0,DebtConsolidation,0,29,16,1428,1002,72147,55009,2882.416667,0.913455212,3,17138,0.374131,0.396185064,3527.670993,1.322734162,0,52
48,56584,615,Unemployed,Associate,24,15122,36,Married,2,Mortgage,115,0.171176254,4,1,0.496015721,0,Education,0,25,25,6834,1269,122221,6443,4715.333333,0.92980649,5,115778,0.192622,0.181059317,547.5004526,0.140499177,1,40.8
31,32777,537,Employed,Master,9,27822,60,Divorced,2,Mortgage,392,0.31326842,4,2,0.206489602,0,Education,1,21,15,4771,4937,120149,5740,2731.416667,0.82470881,6,114409,0.264322,0.226000346,777.9351425,0.428325402,0,55
42,70901,575,SelfEmployed,Bachelor,22,20087,60,Married,0,Rent,582,0.490621498,4,3,0.328179016,0,Home,0,29,4,12504,522,43108,19402,5908.416667,0.896052007,5,23706,0.237587,0.238828607,576.4971798,0.196075742,0,61
40,52184,574,SelfEmployed,Associate,19,38284,48,Married,3,Rent,356,0.145847095,5,1,0.146371786,0,Other,0,16,3,7697,4696,135135,52369,4348.666667,0.914426181,8,82766,0.246284,0.228254072,1223.399309,0.363191624,0,53
